id,year,month,percent,interest,periodPayment,totalPayment
1,2025,10,5.0,41.666668,814.39703,856.0637
2,2025,11,5.0,38.273346,817.7904,856.0637
3,2025,12,5.0,34.865887,821.1978,856.0637
4,2026,1,5.0,31.44423,824.6195,856.0637
5,2026,2,5.0,28.008314,828.0554,856.0637
6,2026,3,5.0,24.558083,831.5056,856.0637
7,2026,4,5.0,21.093475,834.9702,856.0637
8,2026,5,5.0,17.614431,838.4493,856.0637
9,2026,6,5.0,14.1208935,841.9428,856.0637
10,2026,7,5.0,10.612798,845.4509,856.0637
11,2026,8,5.0,7.090085,848.97363,856.0637
12,2026,9,5.0,3.5526948,852.51105,856.0637
